sample_id,lot_id,origin,cultivar,harvest_date,data_type,unit,glutamate,theanine,caffeine,umami,sweetness,bitterness,astringency,panel_n,sensory_repeats,notes
DEMO-001,LOT-001,우지,가상 혼합,2026-05-01,demo,mg/g_dw,3.03,16.47,26.96,4.26,2.03,2.97,4.23,10,2,전 항목 합성. 실제 산지/품종 특성 아님.
DEMO-002,LOT-002,니시오,가상 혼합,2026-05-01,demo,mg/g_dw,1.43,15.84,38.55,2.37,2.4,4.82,3.54,10,2,전 항목 합성. 실제 산지/품종 특성 아님.
DEMO-003,LOT-003,가고시마,가상 혼합,2026-05-01,demo,mg/g_dw,1.64,24.29,24.03,3.4,1.97,2.64,1.88,10,2,전 항목 합성. 실제 산지/품종 특성 아님.
DEMO-004,LOT-004,시즈오카,가상 혼합,2026-05-01,demo,mg/g_dw,4.6,7.54,39.08,3.19,1.37,5.56,2.28,10,2,전 항목 합성. 실제 산지/품종 특성 아님.
DEMO-005,LOT-005,제주,가상 혼합,2026-05-01,demo,mg/g_dw,2.4,12.49,30.92,3.26,1.28,4,4.06,10,2,전 항목 합성. 실제 산지/품종 특성 아님.
DEMO-006,LOT-006,하동,가상 혼합,2026-05-01,demo,mg/g_dw,3.3,7.97,38.98,3.38,1.88,5.29,2.98,10,2,전 항목 합성. 실제 산지/품종 특성 아님.
DEMO-007,LOT-007,우지,가상 혼합,2026-05-01,demo,mg/g_dw,1.77,17.79,39.59,2.75,1.72,4.81,2.35,10,2,전 항목 합성. 실제 산지/품종 특성 아님.
DEMO-008,LOT-008,니시오,가상 혼합,2026-05-01,demo,mg/g_dw,4.57,8.44,20.07,4.03,1.61,2.59,2.59,10,2,전 항목 합성. 실제 산지/품종 특성 아님.
DEMO-009,LOT-009,가고시마,가상 혼합,2026-05-01,demo,mg/g_dw,1.72,18.68,31.84,3.17,1.78,3.35,4.13,10,2,전 항목 합성. 실제 산지/품종 특성 아님.
DEMO-010,LOT-010,시즈오카,가상 혼합,2026-05-01,demo,mg/g_dw,4.94,21.54,35.5,5.44,2.3,3.75,3.96,10,2,전 항목 합성. 실제 산지/품종 특성 아님.
DEMO-011,LOT-011,제주,가상 혼합,2026-05-01,demo,mg/g_dw,5.82,26.74,21.52,5.82,2.64,1.73,0.85,10,2,전 항목 합성. 실제 산지/품종 특성 아님.
DEMO-012,LOT-012,하동,가상 혼합,2026-05-01,demo,mg/g_dw,4.08,31.1,19.61,5.82,3.11,1.27,2.65,10,2,전 항목 합성. 실제 산지/품종 특성 아님.
DEMO-013,LOT-013,우지,가상 혼합,2026-05-01,demo,mg/g_dw,1,9.08,31.48,1.8,1.1,4.65,2.93,10,2,전 항목 합성. 실제 산지/품종 특성 아님.
DEMO-014,LOT-014,니시오,가상 혼합,2026-05-01,demo,mg/g_dw,2.84,17.58,18.67,3.51,1.75,2.42,2.95,10,2,전 항목 합성. 실제 산지/품종 특성 아님.
DEMO-015,LOT-015,가고시마,가상 혼합,2026-05-01,demo,mg/g_dw,2.77,22.34,23.8,4.73,1.92,2.11,3.28,10,2,전 항목 합성. 실제 산지/품종 특성 아님.
DEMO-016,LOT-016,시즈오카,가상 혼합,2026-05-01,demo,mg/g_dw,4.21,10.35,39.73,3.54,2.47,4.99,4.07,10,2,전 항목 합성. 실제 산지/품종 특성 아님.
DEMO-017,LOT-017,제주,가상 혼합,2026-05-01,demo,mg/g_dw,3.62,16.11,28.05,4.35,2.29,3.77,3.72,10,2,전 항목 합성. 실제 산지/품종 특성 아님.
DEMO-018,LOT-018,하동,가상 혼합,2026-05-01,demo,mg/g_dw,4.91,8.55,32.3,4.52,1.8,4.04,2.47,10,2,전 항목 합성. 실제 산지/품종 특성 아님.
DEMO-019,LOT-019,우지,가상 혼합,2026-05-01,demo,mg/g_dw,3.55,31.73,21.64,5.43,3.37,1.68,3.17,10,2,전 항목 합성. 실제 산지/품종 특성 아님.
DEMO-020,LOT-020,니시오,가상 혼합,2026-05-01,demo,mg/g_dw,4.57,12.87,26.71,4.84,2.03,3.13,1.87,10,2,전 항목 합성. 실제 산지/품종 특성 아님.
DEMO-021,LOT-021,가고시마,가상 혼합,2026-05-01,demo,mg/g_dw,4.58,10.9,30.35,4.17,2.26,4.02,2.74,10,2,전 항목 합성. 실제 산지/품종 특성 아님.
DEMO-022,LOT-022,시즈오카,가상 혼합,2026-05-01,demo,mg/g_dw,4.28,9.27,31.09,3.6,2.17,4.67,3.64,10,2,전 항목 합성. 실제 산지/품종 특성 아님.
DEMO-023,LOT-023,제주,가상 혼합,2026-05-01,demo,mg/g_dw,1.85,19.95,26.03,3.62,2.62,2.67,2.09,10,2,전 항목 합성. 실제 산지/품종 특성 아님.
DEMO-024,LOT-024,하동,가상 혼합,2026-05-01,demo,mg/g_dw,4.49,26.08,32.03,4.96,2.77,3.01,3.31,10,2,전 항목 합성. 실제 산지/품종 특성 아님.
DEMO-025,LOT-025,우지,가상 혼합,2026-05-01,demo,mg/g_dw,4.32,17.36,35.72,3.89,2.31,4.02,2.86,10,2,전 항목 합성. 실제 산지/품종 특성 아님.
DEMO-026,LOT-026,니시오,가상 혼합,2026-05-01,demo,mg/g_dw,3.86,10.93,26.33,3.24,1.44,3.92,2.12,10,2,전 항목 합성. 실제 산지/품종 특성 아님.
DEMO-027,LOT-027,가고시마,가상 혼합,2026-05-01,demo,mg/g_dw,1.48,31.87,32.53,4,2.19,2.69,1.95,10,2,전 항목 합성. 실제 산지/품종 특성 아님.
DEMO-028,LOT-028,시즈오카,가상 혼합,2026-05-01,demo,mg/g_dw,4,13.44,35.82,3.42,2.33,4.29,4.61,10,2,전 항목 합성. 실제 산지/품종 특성 아님.
DEMO-029,LOT-029,제주,가상 혼합,2026-05-01,demo,mg/g_dw,1.58,13.49,32.84,2.32,1.16,4.23,3.87,10,2,전 항목 합성. 실제 산지/품종 특성 아님.
DEMO-030,LOT-030,하동,가상 혼합,2026-05-01,demo,mg/g_dw,4.98,11.21,23.42,3.9,2.18,2.88,2.35,10,2,전 항목 합성. 실제 산지/품종 특성 아님.
DEMO-031,LOT-031,우지,가상 혼합,2026-05-01,demo,mg/g_dw,4.36,20.76,32.75,4.52,2.79,4.04,3.26,10,2,전 항목 합성. 실제 산지/품종 특성 아님.
DEMO-032,LOT-032,니시오,가상 혼합,2026-05-01,demo,mg/g_dw,5.9,25.2,39.62,5.97,2.33,4.96,3.21,10,2,전 항목 합성. 실제 산지/품종 특성 아님.
DEMO-033,LOT-033,가고시마,가상 혼합,2026-05-01,demo,mg/g_dw,5.07,11.98,29.61,4.81,2.04,3.93,3.73,10,2,전 항목 합성. 실제 산지/품종 특성 아님.
DEMO-034,LOT-034,시즈오카,가상 혼합,2026-05-01,demo,mg/g_dw,4.48,9.98,30.97,4.48,2.19,3.79,4.22,10,2,전 항목 합성. 실제 산지/품종 특성 아님.
DEMO-035,LOT-035,제주,가상 혼합,2026-05-01,demo,mg/g_dw,4.57,18.95,36.71,5.25,2.17,4.87,1.98,10,2,전 항목 합성. 실제 산지/품종 특성 아님.
DEMO-036,LOT-036,하동,가상 혼합,2026-05-01,demo,mg/g_dw,1.47,30.25,28.55,4.52,2.68,2.6,3.23,10,2,전 항목 합성. 실제 산지/품종 특성 아님.
